Brand,Title,Rating,Price
Lymio,Casual Shirt for Men|| Shirt for Men|| Men Stylish Shirt || Men Printed Shirt (Mistry),4.0,369
Dennis Lingo,Men's Solid Slim Fit Cotton Casual Shirt with Spread Collar & Full Sleeves,3.8,489
Allen Solly,Men's Slim Fit Shirt,3.7,734
DHRUVI TRENDZ,Men's Shirts || Rayon Tropical Printed Shirts for Men || Summer Wear Shirt for Men || Perfect for Outing || Vacation || DateWear Shirt for Boys || Gift for Men,3.4,279
Dennis Lingo,Men's Checkered Slim Fit Cotton Casual Shirt,3.9,625
U-TURN,Men's Cotton Solid Formal/Semi Formal Shirt,3.4,398
LookMark,Men's Poly Cotton Digital Printed Stitched Half Sleeve Shirt,3.4,349
LookMark,Men's Cotton Blend Stitched Printed Half Sleeve Shirt,4.1,299
Dennis Lingo,Men's Solid Slim Fit Casual Shirt,3.9 out of 5 stars,489
Dennis Lingo,"Men's Cotton Buffalo Check Slim Fit Casual Shirt with Pocket, Full Sleeve Shirt for Formal & Casual Wear",4.1,655
Lymio,Casual Shirt for Men|| Shirt for Men|| Men Stylish Shirt || Men Printed Shirt (Beach-Floral-BSY),4.5,399
Allen Solly,Men's Slim Fit Shirt,3.9,859
Miraan,Men's Long Sleeve Casual Denim Shirt (SIGDENIM),3.8,589
Lymio,Casual Shirt for Men|| Shirt for Men|| Men Stylish Shirt || Men Printed Shirt (Patta),4.0,369
UATHAYAM,White Beauty Cotton Full Sleeve Solid Slim Fit Trending White Formal Shirt for Men Pack of 1,4.2,599
LookMark,Men's Cotton Blend Stitched Solid Half Sleeve Shirt(Printed Shirt Blue Leaf-L),4.1,299
Peter England,Green Shirt,4.0,1,189
Peter England,Men Shirt,4.1,929
FYLTR,"Men's Solid Slim Fit 100% Cotton, Linen Look Casual Shirt",3.5,569
Peter England,Men Shirt,4.1,849
Dennis Lingo,Men's Mandarin Collar Casual Shirt,4.0,489
LookMark,Men's Cotton Blend Stitched Solid Half Sleeve Shirt(Printed Shirt Blue Leaf-M),4.2,299
Amazon Brand - Inkast Denim Co.,Men's Slim Fit Casual Shirt,4.0,699
Leriya Fashion,Shirt for Men | Tropical Leaf Printed Rayon Shirts for Men | Preppy Short Sleeves | Spread Collared Neck | Perfect for Outing | Beach | Camp Wear Shirt for Boys,3.5,279
IndoPrimo,Casual Shirt for Men || Shirt for Men || Men Stylish Shirt || Men Printed Shirt || Men Print Shirt || Men Shirt || Half Sleeve Shirt for Men,4.0,375
UNIBLISS,Men's Casual Shirt Printed Rayon Halfsleeve,3.4,449
Majestic Man,Slim Fit Cotton Casual Check Shirt for Men,3.9,499
Lyriq,Casual Shirt for Men|| Shirt for Men|| Men Stylish Shirt || Men Printed Shirt,4.2,349
Dennis Lingo,Men's Checkered Slim fit Casual Shirt,4.0,500
DHRUVI TRENDZ,"Shirt for Men || Opaqu Cotton Shirts for Men || Regular Fit Solid Shirts for Men || Spread Collar & Half Sleeve Shirt || Casual, Office Wear Shirt for Men.",3.7,279
LookMark,Men's Cotton Blend Stitched Solid Half Sleeve Shirt(Printed Shirt Blue Leaf-XL),3.9,299
Lymio,Casual Shirt for Men|| Shirt for Men|| Men Stylish Shirt || Men Printed Shirt (Karrey),4.0,369
Lyriq,Casual Shirt for Men|| Shirt for Men|| Men Stylish Shirt || Men Printed Shirt,4.3,359
The Indian Garage Co,Men's Slim Fit Shirt,3.7,559
Diverse,Men Formal Shirt,3.9,539
Dennis Lingo,Men's Striped Slim Fit Cotton Casual Shirt,3.9,749
Amazon Brand - Symbol,Men Formal Shirt,3.8,599
J B Fashion,Casual Shirt for Men|| Shirt for Men|| Men Stylish Shirt || Men Printed Shirt (J-Patta),4.6,329
Lymio,Casual Shirt for Men|| Shirt for Men|| Men Stylish Shirt || Men Printed Shirt (Shed Floral),3.9,369
Amazon Brand - Symbol,Men's Regular Shirt,3.9,449.78
DHRUVI TRENDZ,Shirts for Men | Rayon Abstract Printed Shirts | Regular Fit Shirts for Boys | Ideal for Travel | Picnic | Summer Wear Shirt for Men | Beach Shirts for Men,3.4,279
DHRUVI TRENDZ,Shirt for Men || Rayon Casual Shirt for Men || Tropical Leaf Printed Shirt for Men || Men Stylish Shirt with Preppy Short Sleeve || Turn-Down Collar Shirt for Boys.,3.3,279
GRECIILOOKS,Casual Shirt for Men| Shirts for Men| Mens Shirt| Fit Poplin Solid Shirts for Men| Button Down Shirts | Short Sleeve Shirt Regular,3.4,399
Amazon Brand - Symbol,Men's Slim Fit Formal Shirt,3.8,437.86
Lymio,Casual Shirt for Men|| Shirt for Men|| Men Stylish Shirt || Men Printed Shirt (Geo),4.1,369
Amazon Brand - Inkast Denim Co.,Men Casual Shirt,3.9,699
IndoPrimo,Casual Shirt for Men || Shirt for Men || Men Stylish Shirt || Men Printed Shirt || Men Print Shirt || Men's Shirt,,399
Dennis Lingo,Men's Shirt,3.9,625
Dennis Lingo,"Men's Cotton Box Checkered Slim Fit Casual Shirt with Chest Pocket, Full Sleeve Shirt for Formal & Casual Wear",4.1,675
LookMark,Men's Cotton Blend Printed Stitched Half Sleeve Shirt (Printed_Shirt_ADAM_Blue-L),3.8,339
LookMark,Men's Cotton Blend Stitched Solid Half Sleeve Shirt(Printed Shirt Blue Leaf-XXL),4.8,299
GRECIILOOKS,Casual Shirt for Men| Shirts for Men| Mens Shirt| Fit Poplin Solid Shirts for Men| Button Down Shirts | Beach Wear| Short Sleeve Shirt Regular,3.5,399
Generic,Shirt for Men (Large) White,,699
FYLTR,Men's Solid Slim Fit 100% Cotton Casual Shirt with Button Down Collar & Full Sleeves,4.7,549
plus panda,Orange and White Stripe Half Sleeve with Pocket for Plus Size,,1099
Colorplus,Light Brown Shirts,3.9,"1,129"
Colorplus,Light Brown Shirts,,1129
Amazon Brand - Inkast Denim Co.,Men's Slim Fit Casual Shirt,3.9,699
Dennis Lingo,Men's Shirt,3.9,625
Dennis Lingo,"Men's Cotton Box Checkered Slim Fit Casual Shirt with Chest Pocket, Full Sleeve Shirt for Formal & Casual Wear",4.1,675
GRECIILOOKS,Casual Shirt for Men| Shirts for Men| Mens Shirt| Fit Poplin Solid Shirts for Men| Button Down Shirts | Beach Wear| Short Sleeve Shirt Regular,3.5,399
Dennis Lingo,Men Casual Shirt,3.8,725
IndoPrimo,Casual Shirt for Men || Shirt for Men || Men Stylish Shirt || Men Printed Shirt || Men Print Shirt || Men's Shirt,,399
IndoPrimo,Men's Classic Fit Casual Shirt,3.7,499
IndoPrimo,Men's Regular Fit Casual Shirt,3.5,499
ELYYORK,Men's Cotton Full Sleeve Regular Fit Casual Checkered Shirt,,279
GUSTAVE,Adjustable Elastic Garter Straps to Stay Men's Shirt,4.1,499
Amazon Brand - Inkast Denim Co.,Amazon Brand - Inkast Denim Co. Men's Solid Slim Casual Shirt (IN-S-02C_Grey1 S),3.9,699
Majestic Man,Slim Fit Cotton Casual Printed Shirts for Men,4.0,399
The Indian Garage Co,Men's Slim Fit Shirt,3.9,524
Hmkm,Half Sleeves Classic Casual Printed Shirt,3.0,499
Van Heusen,Men Shirt,4.0,944
DHRUVI TRENDZ,Shirts for Men || Soft Rayon Multi Printed Shirts for Men || Preppy Short Sleeves Shirt || Beach | Outing | Date | Office | Collage Wear Shirt for Boys || Gift for Men,3.8 out of 5 stars,279
VASTRAMAY,Men's Classic Fit Ethnic Shirt,3.8,434
Dennis Lingo,"Men's Cotton Regular Fit Solid Stretchable Chinos, Casual Trouser Pants with Drawstring Waist",,899
The Cotton Company,Men's Regular Fit Shirt,3.6,549
Lacoste,Men Shirt,,"7,350"
GRECIILOOKS,Casual Shirts for Menl Shirt for Men| Printed Shirt for Men| Cotton Spread Collar Shirt| Beach Wear Mens Shirt| Turn-Down Collar Shirt for Boys | Preppy Short Sleeve,3.8,399
Majestic Man,Slim Fit Solid Cotton Blend Formal Shirt,3.6,429
DHRUVI TRENDZ,Shirts for Men || Rayon Geo & Paisley Printed Shirts for Men || Vintage Shirt || Summer Shirts for Men || Shorts Sleeves || Beach Shirts for Men || Cool Shirts for Men,3.3,279
Homvexi,Men's Shirt Stays Adjustable Elastic Shirt Tucker Garters with Locking Non-Slip Clips holder Securing Shirt Position,3.8,599
Diverse,Men's Regular Formal Shirt,3.8,429
Amazon Brand - Symbol,Men Shirt,3.8,689
OTUS,Men's Cotton Casual/Formal Slim Fit Solid Shirt,3.6,428
FROKHT,Men's Shirt Stays Adjustable Elastic Shirt Garters with Locking Non-Slip Clips,,449
Majestic Man,Cotton Checkered Slim fit Casual Shirt for Man,3.8,499
Dennis Lingo,Men's Solid Chinese Collar Casual Shirt,3.9,489
LookMark,Men's Cotton Blend Printed Stitched Half Sleeve Shirt (Printed_Shirt_ADAM_Blue-XL),3.8,339
IndoPrimo,Men's Slim Fit Casual Shirt,3.5,499
Majestic Man,Solid Slim Fit Casual Shirt for Men,3.8,469
Dennis Lingo,"Men's Cotton Solid Slim Fit Casual Shirt with Pocket, Full Sleeve Shirt for Formal & Casual Wear",3.9,489
Van Heusen,Men Formal Shirt,4.0,999
Dennis Lingo,Men's Denim Solid Casual Shirt,3.9,749
Lyriq,Casual Shirt for Men|| Shirt for Men|| Men Stylish Shirt || Men Printed Shirt,4.2,359
J B Fashion,Casual Shirt for Men|| Shirt for Men|| Men Stylish Shirt || Men Printed Shirt (J-Mistry),4.5,329
Raymond,Blue Slim Fit Cotton Shirt,4.0,949
IndoPrimo,Men's Cotton Casual Shirt for Men Full Sleeves,3.7,499
Lymio,Casual Shirt for Men|| Shirt for Men|| Men Stylish Shirt || Men Printed Shirt (Big Pan),3.5,369
Red Tape,Cotton Shirt for Men | Comfortable Casual Shirt for Men,3.7,781
Peter England,Men Shirt,2.9,749
Arrow,Men Shirt,5.0,"1,349"
DHRUVI TRENDZ,Shirt for Men || Rayon Casual Shirt for Men || Revere Collar Shirt for Boys || Diamond & Block Printed Shirt for Men || Men Stylish Shirt with Short Sleeve.,3.8,279
Arrow,Men Shirt,5.0,1079
Lymio,Casual Shirt for Men|| Shirt for Men|| Men Stylish Shirt || Men Printed Shirt (Small-karrey),4.1,399
GRECIILOOKS,Casual Shirt for Men| Shirts for Men| Mens Shirt| Fit Poplin Solid Shirts for Men| Button Down Shirts | Beach Wear| Short Sleeve Shirt Regular,3.5,399
LookMark,Men Shirt,3.4 out of 5 stars,299
LookMark,Men's Poly Cotton Digital Printed Half Sleeve Shirt,3.4,299
Dennis Lingo,"Men's Cotton Checkered Slim Fit Shirt with Pocket, Full Sleeve Shirt Suitable for Casual wear, Formal Wear, Office",3.6,499
U-TURN,Men's Striped Slim Fit Half Sleeves Casual Shirt,3.6,398
Generic,Shirt for Men (Large) White,,699
Generic,White Shirt Mens wear,,999
Lacoste,Men Shirt,,6,650
Kabira,Madhya Pradesh Govt Entity Handspun and Handwoven Khadi Men's Regular Fit 100% Cotton White Color Suti Kamij Kurta with Full Sleeves,2.8,745,,,,,,,,,
